,O2Conc
0,582.6605735448255
1,125.30644271788522
2,103.69198810009948
3,83.89889935212558
4,279.10219179474774
5,277.64482835683015
6,104.01570958934133
7,317.74475107757024
8,487.9434015189143
9,822.0762216918539
10,564.8966766059234
11,325.32229279134407
12,587.8428955397484
13,496.12096034993
14,338.6082747522421
15,279.29884195364525
16,573.8743815792246
17,151.72057191311896
18,279.29884195364525
19,272.5527654708354
20,427.43950395274175
21,424.21517327709813
22,286.3324855220058
23,814.2641754950499
24,349.56413012961616
25,124.76557182601698
26,792.9240724381791
27,56.618388890811836
28,415.51124501869054
29,233.47218055185286
30,867.6966590565456
31,178.52840725305944
32,107.32918363889033
33,223.26696975202134
34,513.6861257324787
35,75.331529626358
36,210.35298437577066
37,184.72109911025132
38,750.5924712513165
39,93.15691583477458
40,116.7386978985415
41,58.626971638031776
42,143.00602913117262
43,752.0503073283264
44,137.28174692919282
45,105.98690835303849
46,129.22705190716547
47,267.54825169542374
48,541.0391327339269
49,332.79423235598085
50,854.7883944336156
51,239.15481914657795
52,286.3324855220058
53,555.7211280045033
54,53.79622807883806
55,465.5188739706584
56,146.10584443778743
57,578.0325401237858
58,278.4402243220048
59,164.06598922395568
60,26.311059623573296
61,630.5800134281885
62,541.0391327339269
63,101.80199454585006
64,35.54415415731887
65,137.18931701419183
66,899.2964017366397
67,869.7885879340527
68,875.966438675733
69,20.485723101158115
70,405.9875229878776
71,12.922882581850105
72,164.06598922395568
73,202.23187393155757
74,371.6054449269885
75,441.1682637462061
76,343.5666221721022
77,112.21384097935581
78,232.0861654445646
79,719.9876824440273
80,257.65336140658474
81,614.4053454329837
82,334.2284028511868
83,335.7539326944438
84,68.18501057117295
85,511.33128879870986
86,279.4850783311577
87,311.6051711734027
88,883.9820785104885
89,361.1843563662098
90,109.80413756274453
91,523.6199248071508
92,340.16276203483176
93,955.3402455542484
94,989.3705168958174
95,259.85554232410897
96,968.5857208161766
97,751.2559393910366
98,258.42702661215264
99,259.16004657738137
100,71.05073667846746
101,128.86469460448006
102,538.7869055860738
103,103.86613115590164
104,294.35564076722943
105,14.82136942809788
106,382.5675395310218
107,245.5343403937566
108,774.2668699779554
109,358.8521137667223
110,435.583229410015
111,151.32013150875525
112,905.1694512869416
113,759.1127175941083
114,555.7211280045033
115,180.84286535237518
116,251.54509286298116
117,351.26518838307146
118,294.35564076722943
119,125.81023059052667
120,293.0965374121713
121,530.5798862393207
122,105.09050559164596
123,259.85554232410897
124,172.27215534494715
125,14.706563254667083
126,706.7913717168176
127,259.85554232410897
128,314.342470397374
129,157.4981750943831
130,631.1662553381805
131,41.2459697518622
132,266.0769738022111
133,760.6612086858319
134,176.66920312232958
135,83.62446819816094
136,321.1257275605132
137,292.92412892550533
138,61.82821867246666
139,113.58409123460743
140,190.96626126788826
141,416.7641810841801
142,682.9320667966415
143,25.36947127177372
144,93.59452013221613
145,42.12264079704831
146,255.42546836089068
147,286.3324855220058
148,77.9416126285875
149,916.3366411014879
150,31.383083109271077
151,108.93246831335337
152,155.82633402453143
153,444.72452739787644
154,88.27971095743264
155,22.655187841857703
156,194.62501295246648
157,750.5924712513165
158,157.4981750943831
159,662.6243121362943
160,226.36882952418588
161,379.41846537108154
162,513.6861257324787
163,137.18931701419183
164,140.00234405868719
165,236.71216253559447
166,134.8060185308231
167,488.9737004538521
168,118.65470609584999
169,795.6957396751249
170,26.428667320407527
171,163.8299119810822
172,222.52600862000727
173,2.1942745431460473
174,618.6639227855823
175,161.23739542494297
176,167.009350268409
177,298.2319698636495
178,78.484083498369
179,69.20099909941648
180,46.17244377430495
181,356.6608161182144
182,557.7775705028677
183,286.3324855220058
184,716.5360047780083
185,229.9352496118757
186,110.62823195121653
187,80.84659729643404
188,268.82026787739295
189,196.14004485115714
190,377.13289781731726
191,48.798507201262964
192,208.5052443332158
193,232.0861654445646
194,905.1694512869416
195,315.61093680545974
196,97.6693874862071
197,20.048850288616027
198,66.84772234908725
199,328.7978941381874
200,435.583229410015
201,135.6293439173753
202,35.82870970553802
203,116.51371555517096
204,428.3511645040955
205,86.28222984161629
206,199.82744063993565
207,17.891464470038425
208,67.53021843779567
209,82.26892807660286
210,302.94608758880776
211,98.17652783595443
212,20.79475789873063
213,78.2644589540324
214,254.2192561523644
215,30.838806505055828
216,104.66724209487053
217,122.22050225191688
218,421.2406523111578
219,120.89851566192809
220,251.7665090760495
221,56.717063684787576
222,120.34416012585001
223,478.16495771276794
224,100.27458840551466
225,27.022134872471575
226,184.00633209373163
227,374.0856367496975
228,79.87313613608146
229,331.8849004392924
230,175.7557557707111
231,183.59983903942987
232,233.1012498346575
233,154.5063767195751
234,110.90845248204226
235,92.83925433168316
236,99.79225933449007
237,115.33949261411246
238,8.698380650400276
239,71.83531621042792
240,0.5691485650018151
241,104.52962176537976
242,442.51699431713627
243,8.335423682240064
244,74.24506417084834
245,68.57223701261665
246,206.36607724682693
247,291.2835598873926
248,66.7167835669279
249,91.32073570661461
250,148.6580518405939
251,93.85318023857042
252,78.80935200436232
253,111.16918642300675
254,121.32934851465316
255,7.272684799016389
256,70.08026721533156
257,7.272684799016389
258,41.67280028014172
259,104.60184202675632
260,110.0839258838309
261,114.84542660009039
262,55.09291136712424
263,101.12614535590541
264,163.77807805216457
265,496.12096034993
266,49.81053069384032
267,89.33473936931134
268,145.81994954685496
269,13.24511214259951
270,82.26892807660286
271,212.22244038945254
272,40.41509838556064
273,296.19071363357665
274,29.869260422653063
275,47.22980627158833
276,10.58222461118148
277,120.10557955446126
278,18.979771172355957
279,83.30920407882678
280,127.68082408743196
281,430.16935527219357
282,74.09967946427939
283,478.77500754294147
284,1.2070683158523432
285,132.76096581589306
286,248.11808001674964
287,259.85554232410897
288,157.58664279701975
289,4.285776007361063
290,35.00633575825267
291,114.84542660009039
292,33.8926808968732
293,92.83925433168316
294,157.65358293904197
295,226.72780579176143
296,134.1304130929688
297,113.86210531872564
298,29.32551538872481
299,55.34260220063276
300,131.22582619678502
301,16.21028786216898
302,10.637805918121607
303,47.79131806063883
304,370.02843035028195
305,71.39698914566279
306,105.98690835303849
307,16.518557583397577
308,98.09634320658097
309,736.2313341633076
310,247.48016986849805
311,3.0775808921563184
312,182.80897445148037
313,1.892614100229232
314,210.6561730527473
315,22.70681432831969
316,78.05486077718936
317,152.6129354303549
318,145.55963951496057
319,68.4737682012856
320,101.12614535590541
321,296.3822641680662
322,85.52483596260737
323,63.500184473361735
324,0.256031785902303
325,140.00234405868719
326,633.211063992775
327,79.7215299194777
328,248.11808001674964
329,238.47450523631673
330,496.12096034993
331,1.2070683158523432
332,111.4976271125135
333,119.19654896469514
334,44.27328157976773
335,11.569672859271604
336,95.92761134976239
337,156.76045305207407
338,94.11839233493106
339,84.42196111877341
340,219.89141349667744
341,61.3217252769499
342,33.71202517948761
343,60.48762569602498
344,12.69327853061362
345,15.479626141999521
346,65.68724036037446
347,76.75648977729223
348,69.73527274359574
349,46.35541433343027
350,353.1722906768997
351,76.90343466555598
352,198.6422852418527
353,286.3324855220058
354,82.26892807660286
355,323.5583731516919
356,88.43311132902292
357,167.35246291437343
358,101.6948817919215
359,62.919870988804604
360,17.677869484816085
361,23.99373013820715
362,468.72136080571886
363,277.0190808188107
364,90.3475876270127
365,244.70031962419685
366,150.1420381136628
367,11.283077964753273
368,149.44800102147175
369,42.413472431848206
370,41.096121910126676
371,65.3130845978235
372,60.686674831333846
373,182.66387082738973
374,93.15691583477458
375,72.33590677865976
376,396.0186618418611
377,64.29940608728033
378,172.27215534494715
379,62.00870174718525
380,188.03711923768375
381,71.09521959171767
382,291.58525409773404
383,46.68523604932505
384,46.8343882238811
385,89.77383291090217
386,34.4131267699874
387,106.70682568402086
388,245.43191982379753
389,93.45958937410634
390,37.08659331003506
391,214.3132938324127
392,107.39690131666772
393,57.21981758470975
394,364.31944750181503
395,237.23552156738734
396,239.69501210127845
397,98.71820599870478
398,17.942517228388894
399,38.33901924994089
400,57.66360337656422
401,61.65375590393053
402,225.178922347853
403,266.4659854416214
404,19.510241737250936
405,83.53893779920165
406,127.76752366858848
407,281.33689823104737
408,195.61271929924362
409,55.09291136712424
410,57.461430976707334
411,19.840718179919794
412,162.09591398143635
413,201.26458359953818
414,58.058220918882014
415,465.7915604487165
416,533.2081728157596
417,178.7430008386878
418,408.6022342614126
419,179.44605675765774
420,47.844441077030474
421,159.7595150460223
422,191.389111833419
423,229.3266989080214
424,127.45860236360943
425,126.43056653916645
426,115.23631916223023
427,192.88081326112828
428,144.23416365221573
429,108.28624493415138
430,108.83249992378705
431,249.47951716045884
432,11.283077964753273
433,129.3426542895203
434,18.979771172355957
435,197.26956089039882
436,65.88194962202344
437,974.9153449183842
438,50.3467584820851
439,340.97519740849646
440,16.727475758605937
441,183.59983903942987
442,217.68687639790005
443,32.12018859011404
444,161.01287619869558
445,9.437848522601529
446,210.09846514970639
447,99.47133678962625
448,108.05895305315015
449,267.2008404972383
450,296.0063284985418
451,340.97519740849646
452,90.58603052842865
453,236.80814702963846
454,18.979771172355957
455,907.4162002288882
456,94.38589302725428
457,453.69374041414125
458,530.5798862393207
459,153.0091312550009
460,80.84659729643404
461,61.57807113513993
462,183.06003345002264
463,85.43936069629952
464,451.4673037591092
465,147.59916912481216
466,72.59174454099761
467,167.4157858669489
468,140.00234405868719
469,24.395652873790958
470,101.46331952853596
471,974.9153449183842
472,58.27468056703941
473,27.737437877314097
474,430.16935527219357
475,35.23670056542025
476,514.6419201298047
477,185.97293823637074
478,536.7497509063729
479,154.87864857113095
480,910.1959707705727
481,110.95847902233548
482,286.3324855220058
483,177.09033372925586
484,208.1028004264445
485,292.92412892550533
486,272.9103590643396
487,223.7295961331546
488,51.36776170072946
489,30.93596509223096
490,2.5317399084681673
491,56.66022877677736
492,49.75768007006541
493,171.45494080661635
494,164.8291499639888
495,325.15505848875074
496,69.37017956566312
497,309.87932054739974
498,278.89422927011327
499,55.05431449595273
500,92.09396564260568
501,814.2641754950499
502,194.94482730423096
503,419.1567279894965
504,435.583229410015
505,164.76568724510548
506,180.08250099140443
507,393.18610167756464
508,3.737100095119538
509,72.63310836641391
510,47.30075423822063
511,143.93283552497826
512,9.437848522601529
513,327.82456336195287
514,94.85961595264592
515,86.42018280190676
516,187.52499006585214
517,948.4060125696957
518,140.00234405868719
519,682.9320667966415
520,164.97313728600085
521,488.6603783552497
522,71.4802380935515
523,236.56057574889323
524,85.20789615153608
525,349.0770971576209
526,36.0462307973199
527,140.00234405868719
528,49.81053069384032
529,75.52522311879893
530,432.07845695937976
531,267.8832706566092
532,301.9432166379275
533,137.95459309873715
534,38.42266962501115
535,674.6084670974701
536,621.6775204695031
537,734.9476939932179
538,933.8641385200141
539,433.09206691919013
540,851.3385035225051
541,264.812825910352
542,120.447332486697
543,43.278656385735765
544,136.13939418876873
545,354.101141913659
546,70.08026721533156
547,297.7085177474006
548,34.11959076760219
549,402.1595317318324
550,45.76327153456533
551,148.36658945964714
552,363.67159421143447
553,137.18931701419183
554,70.58562022184825
555,488.31832589930946
556,496.12096034993
557,253.03799389100445
558,184.72109911025132
559,145.0005274844134
560,378.5562330167128
561,119.24922425360649
562,286.3324855220058
563,418.6174962539683
564,47.435593458235594
565,38.02550347584243
566,148.9705603265323
567,293.27820702938
568,899.2964017366397
569,255.42546836089068
570,955.3402455542484
571,110.0839258838309
572,242.57588364021734
573,557.7775705028677
574,170.3038869098867
575,56.92597414360279
576,8.425746491278028
577,319.3489096284041
578,617.41621498614
579,332.0126196514955
580,107.75337337747581
581,25.927146773229477
582,180.08250099140443
583,279.10219179474774
584,734.1106526003582
585,358.0145596167498
586,394.1138919992579
587,385.13876285083353
588,265.5339578842284
589,568.3727016641062
590,703.5732852971767
591,769.045424537878
592,941.2508855265107
593,130.18523467893618
594,239.46020751301182
595,927.339645354958
596,398.3018718777605
597,234.50217997507224
598,639.2805467666241
599,422.4867515854924
600,933.8641385200141
601,23.561920728814126
602,513.6861257324787
603,614.4053454329837
604,146.5915661681857
605,682.9320667966415
606,397.99196707184757
607,363.67159421143447
608,328.96457303607497
609,573.8743815792246
610,760.6612086858319
611,17.081895125180967
612,536.7497509063729
613,672.1945664505753
614,83.89889935212558
615,191.06898080219648
616,216.25600804502577
617,47.56177857131711
618,488.6603783552497
619,457.5409484260615
620,54.872736476293234
621,332.2443281986405
622,49.15759638187645
623,8.359482774245468
624,246.1382513137739
625,402.1595317318324
626,780.7735663954189
627,130.18523467893618
628,292.76029100211207
629,5.073393437839044
630,313.60402143395567
631,220.59512661268673
632,39.80003991398561
633,406.2924908532687
634,246.43355152730936
635,267.08216335642004
636,263.714944098473
637,806.2371435199467
638,42.27038039964234
639,254.66861973025703
640,414.4563023731121
641,27.465303528242945
642,177.49013880832103
643,256.1469803334713
644,522.2145024245644
645,771.791328992522
646,266.0769738022111
647,177.09033372925586
648,325.32229279134407
649,279.4850783311577
650,406.2924908532687
651,122.87443483721557
652,158.82386663433968
653,726.4810308569487
654,167.009350268409
655,71.4802380935515
656,92.37588016835329
657,293.8868987009105
658,217.68687639790005
659,331.44345295533935
660,473.36253182999803
661,95.92761134976239
662,569.6738156874909
663,29.110066637303976
664,561.1428401543292
665,131.52534063031518
666,78.7073242521002
667,286.3324855220058
668,47.34671654694736
669,837.0890030393165
670,996.2336017150851
671,197.17651623263015
672,797.9861274087499
673,385.13876285083353
674,565.9038512693556
675,234.78913374141803
676,453.3382149475499
677,121.91216682302542
678,341.8125319942829
679,279.6617067959158
680,441.1682637462061
681,695.064228195786
682,329.2001338289825
683,286.3324855220058
684,124.283471381424
685,226.50894400867077
686,160.3669289718179
687,705.2504228524764
688,358.8521137667223
689,192.88081326112828
690,242.75145343945638
691,197.17651623263015
692,192.88081326112828
693,152.1503880470945
694,513.6861257324787
695,253.03799389100445
696,307.4731858861272
697,883.9820785104885
698,316.8189776122582
699,272.1755962553867
700,190.40475291288033
701,221.1474543820302
702,377.6260404929218
703,146.10584443778743
704,209.15045765324763
705,232.0861654445646
706,248.11808001674964
707,602.1258427341303
708,382.5675395310218
709,65.51471062015659
710,173.58083079829723
711,245.0693623093431
712,129.56657395112708
713,30.322629361397944
714,67.61537788815586
715,389.5512679298194
716,472.30072424863624
717,217.68687639790005
718,906.6161471302811
719,317.74475107757024
720,525.1853603538109
721,596.8949957431414
722,159.56501661022844
723,327.82456336195287
724,243.94207005260398
725,332.79423235598085
726,279.4850783311577
727,131.52534063031518
728,647.7859158107792
729,74.37984690707603
730,205.41286386598009
731,422.4867515854924
732,260.5163233107316
733,415.51124501869054
734,89.65902152650551
735,263.714944098473
736,104.95857670544068
737,335.7539326944438
738,53.79622807883806
739,751.2559393910366
740,460.7484506590705
741,235.6312421900748
742,12.314265332280923
743,10.485199292098132
744,443.5913767653959
745,477.8435533729082
746,188.45985562912716
747,27.221991937887953
748,354.5980615262127
749,255.42546836089068
750,430.3870798829529
751,89.33473936931134
752,142.80284293270037
753,286.3324855220058
754,899.2964017366397
755,224.93072064350412
756,126.72083333324615
757,116.64756072818531
758,40.742183095154004
759,310.8078784189177
760,46.01616002473714
761,66.06644080075374
762,366.3298092824761
763,219.30434279922142
764,43.41427129290065
765,6.104027535254035
766,245.0693623093431
767,708.881645252672
768,883.9820785104885
769,426.2648459998705
770,57.27183893718449
771,424.69420356116336
772,67.61537788815586
773,402.1595317318324
774,762.5436394488681
775,846.963982179358
776,125.21898006342855
777,278.67394935103977
778,402.1595317318324
779,245.0693623093431
780,409.0287838982342
781,5.583993452882556
782,405.7244690157061
783,419.1567279894965
784,314.342470397374
785,205.11030687212582
786,224.93072064350412
787,525.1853603538109
788,1.6686168465519113
789,211.02346694268275
790,691.066200739263
791,124.76557182601698
792,806.2371435199467
793,410.73130951561257
794,505.47755315149595
795,443.5913767653959
796,24.602223725871895
797,656.1026144118354
798,565.9038512693556
799,18.139584204714836
800,989.3705168958174
801,29.452794131293842
802,422.4867515854924
803,323.3679748273224
804,530.5798862393207
805,184.19651192244962
806,140.00234405868719
807,487.53062744064823
808,862.3935672532848
809,72.91304175097238
810,522.2145024245644
811,366.3298092824761
812,117.52801048794322
813,229.4338983607346
814,278.4402243220048
815,516.9036690012279
816,114.98118018771133
817,58.41141254313034
818,301.3392979844692
819,118.5669828898063
820,534.461464072787
821,569.6738156874909
822,294.35564076722943
823,984.0671865655431
824,377.6260404929218
825,272.5527654708354
826,145.3216270331
827,680.6810603213379
828,186.08871857056621
829,107.21155182877331
830,374.51309705515285
831,417.8698857649257
832,140.00234405868719
833,207.18190494220684
834,209.15045765324763
835,186.89176087699389
836,100.58976362318343
837,111.33932279583176
838,165.2450215905079
839,7.5955839425795615
840,469.8492838750945
841,814.2641754950499
842,487.9434015189143
843,505.47755315149595
844,140.00234405868719
845,62.84005449489619
846,327.82456336195287
847,182.45355712432988
848,301.3392979844692
849,410.73130951561257
850,87.49881305184691
851,47.56177857131711
852,197.17651623263015
853,8.810959186168205
854,433.09206691919013
855,293.0965374121713
856,351.85273044946274
857,295.17901523436234
858,113.30009995154388
859,149.30647986866606
860,690.334392893856
861,272.5527654708354
862,265.5339578842284
863,326.2244575490837
864,140.00234405868719
865,901.7604455753183
866,26.951841610568327
867,239.15481914657795
868,358.8521137667223
869,838.9107116013467
870,106.95660931338819
871,496.12096034993
872,514.6419201298047
873,349.56413012961616
874,762.5436394488681
875,33.10796755049238
876,717.795221262418
877,534.461464072787
878,883.9820785104885
879,591.2613158830927
880,71.68288748912235
881,103.69198810009948
882,270.43506197953695
883,393.4375475772553
884,771.791328992522
885,552.4342336356875
886,113.30009995154388
887,205.41286386598009
888,168.56192092309368
889,358.8521137667223
890,455.70870051971855
891,356.96571570184807
892,415.51124501869054
893,337.7179426405525
894,140.00234405868719
895,319.7758806484189
896,759.1127175941083
897,3.1929631381384747
898,444.72452739787644
899,238.74139021530993
900,143.37284158703548
901,505.47755315149595
902,57.66360337656422
903,229.084016957358
904,235.15343848374917
905,240.15763382573286
906,607.9294518592011
907,804.1957504231225
908,74.67739487977154
909,195.4082561916872
910,255.9697790190608
911,579.3035410959026
912,941.2508855265107
913,114.98118018771133
914,91.63669695570955
915,24.177409414035363
916,50.195367021078894
917,62.84005449489619
918,195.4082561916872
919,312.4561570647976
920,514.6419201298047
921,28.391413863547722
922,110.7876827348998
923,100.58976362318343
924,421.009543617485
925,1.6213473169101598
926,743.2034010771121
927,27.885962908672404
928,670.7605793869927
929,112.30772674173204
930,115.89192496687647
931,17.435383884606544
932,366.3298092824761
933,19.724698160448256
934,446.23121431194227
935,360.5873443941676
936,332.2443281986405
937,240.15763382573286
938,591.2613158830927
939,5.583993452882556
940,58.626971638031776
941,951.2056348599505
942,248.11808001674964
943,37.30648406439967
944,333.93452906890974
945,72.91304175097238
946,263.714944098473
947,9.437848522601529
948,286.3324855220058
949,769.045424537878
950,160.01534095436534
951,169.70009102333907
952,58.27468056703941
953,105.98690835303849
954,180.98422372077474
955,605.7469574047683
956,385.9371386909901
957,272.9103590643396
958,159.56501661022844
959,525.1853603538109
960,233.47218055185286
961,229.4338983607346
962,208.2679385679521
963,73.32860691306485
964,468.4240829848721
965,88.7646649624856
966,15.736336839632605
967,129.22705190716547
968,125.81023059052667
969,302.2637778712837
970,557.7775705028677
971,69.52922040083963
972,180.08250099140443
973,158.13682502016638
974,441.1682637462061
975,666.0887038903963
976,241.49202251367336
977,56.343061377766816
978,54.708205748362666
979,104.78111263070817
980,251.23030153266546
981,361.1843563662098
982,114.22381454157939
983,235.29772251298405
984,36.21790889582666
985,192.88081326112828
986,910.1959707705727
987,188.97162134258085
988,220.8473405684814
989,58.27468056703941
990,99.2980745466079
991,156.03054730952113
992,195.23226713509482
993,38.02550347584243
994,933.8641385200141
995,71.87806431449758
996,153.11210086914008
997,355.6140883763996
998,883.9820785104885
999,438.97140926561934
1000,237.23552156738734
1001,300.9161586622338
1002,390.49615593172047
1003,317.74475107757024
1004,26.650152619100872
1005,504.98994561756984
1006,136.74691564875698
1007,64.06860166925173
1008,211.58162421358767
1009,410.0771863993248
1010,101.80199454585006
1011,91.63669695570955
1012,300.9161586622338
1013,140.00234405868719
1014,2.1942745431460473
1015,830.6183927682197
1016,199.59717728856648
1017,71.4802380935515
1018,515.7077178416179
1019,164.97313728600085
1020,153.6524119396053
1021,180.98422372077474
1022,264.96102527886654
1023,115.89192496687647
1024,913.723973410985
1025,120.04329131283447
1026,578.0325401237858
1027,594.2536904922348
1028,514.6419201298047
1029,822.0762216918539
1030,272.1755962553867
1031,711.8786952546221
1032,982.2686584182941
1033,271.35572886515615
1034,60.40489834925276
1035,286.3324855220058
1036,614.4053454329837
1037,62.65803718891378
1038,158.82386663433968
1039,310.0593525430588
1040,668.2374131387916
1041,190.57389847917128
1042,234.78913374141803
1043,257.49345178433396
1044,361.1843563662098
1045,34.256321891762376
1046,363.35168725520316
1047,77.60756258500889
1048,115.0857576178588
1049,22.870778631109935
1050,176.11011183115562
1051,270.43506197953695
1052,44.71542337113243
1053,161.23739542494297
1054,715.1454678610882
1055,326.53452890076545
1056,318.72851071838426
1057,753.0185539119008
1058,302.2637778712837
1059,587.8428955397484
1060,616.0077573813703
1061,159.7595150460223
1062,125.87939439150041
1063,83.89889935212558
1064,374.51309705515285
1065,270.9091225481974
1066,163.22244109030282
1067,552.4342336356875
1068,52.50994053564666
1069,169.70009102333907
1070,270.43506197953695
1071,241.49202251367336
1072,715.1454678610882
1073,140.00234405868719
1074,854.7883944336156
1075,36.44483903866118
1076,512.8241398744655
1077,734.1106526003582
1078,398.56887701033804
1079,35.74269382362596
1080,349.0770971576209
1081,402.1595317318324
1082,188.97162134258085
1083,156.9029780939699
1084,334.2284028511868
1085,154.87864857113095
1086,74.37984690707603
1087,356.6608161182144
1088,330.6700392336065
1089,204.2843703824048
1090,926.2343398004487
1091,100.58976362318343
1092,36.698377335159385
1093,149.66854353961577
1094,77.42042068070977
1095,2.1942745431460473
1096,402.1595317318324
1097,99.2980745466079
1098,25.844193365609804
1099,184.72109911025132
1100,233.32168643481327
1101,751.2559393910366
1102,43.317873126194364
1103,245.0693623093431
1104,183.06003345002264
1105,82.26892807660286
1106,410.73130951561257
1107,217.68687639790005
1108,313.60402143395567
1109,211.58162421358767
1110,100.97676931393411
1111,340.16276203483176
1112,230.7916776202031
1113,374.51309705515285
1114,23.1654009765402
1115,182.45355712432988
1116,12.126452986552282
1117,205.63830649108843
1118,268.82026787739295
1119,40.01573046370365
1120,254.66861973025703
1121,94.23580893693867
1122,101.31198748403533
1123,162.43603094447937
1124,180.84286535237518
1125,140.00234405868719
1126,687.602926264582
1127,202.92735500820294
1128,97.19358376836897
1129,223.7295961331546
1130,76.35132602753372
1131,322.08783580311984
1132,534.461464072787
1133,286.3324855220058
1134,68.51907491258613
1135,12.53028752156358
1136,259.85554232410897
1137,55.480435168163694
1138,27.997726297717268
1139,366.3298092824761
1140,38.877111260950414
1141,125.87939439150041
1142,150.66430986785934
1143,248.90810654471693
1144,168.89410509784622
1145,13.11752717335945
1146,36.836631146121555
1147,68.983178618041
1148,158.13682502016638
1149,662.6243121362943
1150,217.68687639790005
1151,36.61062476782656
1152,116.64756072818531
1153,721.8318266402807
1154,66.99772469975129
1155,134.8060185308231
1156,142.900879577521
1157,397.6279204283931
1158,496.12096034993
1159,77.42042068070977
1160,211.58162421358767
1161,44.02941315245418
1162,323.81530385744003
1163,245.0693623093431
1164,171.33287499124873
1165,73.4956163346916
1166,147.1612803853423
1167,82.26892807660286
1168,44.888481097530274
1169,41.15795634233277
1170,24.337330332411124
1171,64.78712964188725
1172,32.12018859011404
1173,487.9434015189143
1174,341.8125319942829
1175,125.30644271788522
1176,202.23187393155757
1177,270.9091225481974
1178,82.26892807660286
1179,115.0857576178588
1180,79.12461073676636
1181,132.76096581589306
1182,44.02941315245418
1183,86.28222984161629
1184,49.57516397396001
1185,86.28222984161629
1186,120.447332486697
1187,45.76327153456533
1188,105.98690835303849
1189,587.8428955397484
1190,62.22729860697646
1191,12.465325526566518
1192,262.3145584149652
1193,53.570693883783335
1194,32.95043908633704
1195,60.92507114086776
1196,353.3691804242621
1197,86.03211609905888
1198,338.6082747522421
1199,123.76986622537213
1200,137.66564158686387
1201,132.96608955680287
1202,489.26176606966425
1203,230.277194714065
1204,47.156339016154426
1205,204.3954644647932
1206,281.1361403784702
1207,39.6965542695282
1208,124.03079680193504
1209,131.45239503909065
1210,44.792260499191805
1211,135.11287312467155
1212,93.15691583477458
1213,32.908531451414056
1214,134.06017886343287
1215,38.02550347584243
1216,948.4060125696957
1217,390.49615593172047
1218,503.79082795541495
1219,639.2805467666241
1220,100.97676931393411
1221,531.6592511006786
1222,40.742183095154004
1223,374.7449974500349
1224,34.594776206138434
1225,59.938425425702825
1226,10.531564349964773
1227,81.02272245100886
1228,429.67416189151214
1229,70.08026721533156
1230,44.30263018762427
1231,33.500933100964104
1232,13.270423825052704
1233,455.70870051971855
1234,457.5409484260615
1235,479.6161276880442
1236,435.583229410015
1237,117.52801048794322
1238,49.04959779341725
1239,510.68065071532226
1240,168.56192092309368
1241,124.76557182601698
1242,218.8805184963647
1243,129.9467863974148
1244,8.283934425519245
1245,110.52768832125528
1246,201.40567591002912
1247,52.22200617137706
1248,26.027804909656822
1249,128.47711812646796
1250,229.084016957358
1251,92.68727456830598
1252,686.3439408964128
1253,425.54056470994703
1254,50.42768649562143
1255,72.91304175097238
1256,153.6524119396053
1257,148.0287494908311
1258,233.20067275161028
1259,5.020184394152159
1260,27.68558665021554
1261,45.284138231066486
1262,142.71122107330976
1263,762.5436394488681
1264,394.1138919992579
1265,52.40960691587341
1266,769.045424537878
1267,140.00234405868719
1268,489.52751072619066
1269,167.7639456203702
1270,38.74679861889705
1271,9.437848522601529
1272,101.46331952853596
1273,130.18523467893618
1274,124.4068341603126
1275,101.46331952853596
1276,554.0310784825921
1277,551.6683862870146
1278,293.0965374121713
1279,899.2964017366397
1280,197.80258750198385
1281,53.570693883783335
1282,478.77500754294147
1283,371.6054449269885
1284,807.860173586153
1285,13.270423825052704
1286,175.00013729899936
1287,93.49426174830703
1288,13.187332008264994
1289,97.6693874862071
1290,88.66151334676853
1291,44.02941315245418
1292,61.234859269177754
1293,35.82870970553802
1294,326.00589036705867
1295,488.31832589930946
1296,310.8078784189177
1297,219.30434279922142
1298,485.99766338928845
1299,53.570693883783335
1300,264.35563362646445
1301,265.5339578842284
1302,13.858173284389846
1303,207.98125439034456
1304,430.94649344229936
1305,79.7215299194777
1306,83.46356019851557
1307,70.77621949766664
1308,20.452293247032568
1309,46.8343882238811
1310,112.45398653000026
1311,101.60516123421544
1312,229.9352496118757
1313,104.25939294208747
1314,196.691748549899
1315,28.957688184940622
1316,300.9161586622338
1317,743.2034010771121
1318,447.1875368250136
1319,343.5666221721022
1320,293.67248392801554
1321,387.11339499873776
1322,714.3943628267072
1323,509.02473268638533
1324,126.21534205178688
1325,27.802348447659494
1326,77.26989694347142
1327,133.51719641788583
1328,3.2778919099321953
1329,83.53893779920165
1330,111.4085428973422
1331,83.8354696101436
1332,102.70338276009304
1333,733.084725949006
1334,383.9434365062795
1335,77.60756258500889
1336,359.536382220145
1337,156.67608607126343
1338,120.2136535604835
1339,135.74185198562935
1340,950.1598753752988
1341,179.5198814915844
1342,13.006787823249763
1343,30.838806505055828
1344,35.3662465433068
1345,148.22809716952074
1346,208.5052443332158
1347,77.26989694347142
1348,13.609388677847674
1349,286.3324855220058
1350,250.74728549146786
1351,338.6082747522421
1352,24.177409414035363
1353,250.25079110807533
1354,337.37983872297116
1355,113.58409123460743
1356,7.173463436781356
1357,206.60088195131203
1358,231.03161447972766
1359,142.2064502411432
1360,64.78712964188725
1361,26.211157789853793
1362,164.4700213527567
1363,201.40567591002912
1364,502.38034390238334
1365,73.2136894443327
1366,108.73909438819186
1367,267.08216335642004
1368,20.986976228033654
1369,180.08250099140443
1370,211.58162421358767
1371,186.89176087699389
1372,552.4342336356875
1373,376.82737998531906
1374,73.7088253502287
1375,253.03799389100445
1376,68.10027470716967
1377,47.97059148455817
1378,29.694459896995234
1379,291.8076749052244
1380,178.9055214475173
1381,253.03799389100445
1382,226.36882952418588
1383,140.00234405868719
1384,26.027804909656822
1385,355.6140883763996
1386,487.53062744064823
1387,664.2368514814601
1388,255.9697790190608
1389,101.46331952853596
1390,23.70171018210366
1391,20.452293247032568
1392,77.56214466882706
1393,81.06014297679646
1394,203.86063435175103
1395,228.79453360024266
1396,933.8641385200141
1397,581.6935966610498
1398,129.56657395112708
1399,116.64756072818531
1400,526.0368730203686
1401,366.3298092824761
1402,212.80772379016304
1403,453.69374041414125
1404,23.387920789732746
1405,196.91963811517405
1406,5.987635753592618
1407,286.3324855220058
1408,14.543250523688641
1409,24.395652873790958
1410,137.79048490224815
1411,218.9641921771976
1412,55.78691542670022
1413,206.53922503234574
1414,32.12018859011404
1415,41.54241686705239
1416,16.688578542581233
1417,237.23552156738734
1418,10.927140067243126
1419,192.88081326112828
1420,147.8388354077724
1421,74.24506417084834
1422,92.8008452071
1423,122.22050225191688
1424,374.0856367496975
1425,108.16668992328542
1426,9.437848522601529
1427,192.88081326112828
1428,239.46020751301182
1429,203.5629377014117
1430,334.44054406055056
1431,150.5961024257033
1432,639.2805467666241
1433,933.8641385200141
1434,373.7006169641789
1435,16.727475758605937
1436,488.31832589930946
1437,68.983178618041
1438,100.27458840551466
1439,170.44672753214485
1440,58.35950832124136
1441,62.53152134938254
1442,238.15026531509034
1443,122.63492531760131
1444,148.6580518405939
1445,41.42724138250971
1446,16.83662721002667
1447,45.76327153456533
1448,195.85317511060038
1449,42.68656424685366
1450,45.13181915089288
1451,238.74139021530993
1452,140.00234405868719
1453,241.49202251367336
1454,147.37372740997077
1455,108.93246831335337
1456,265.2513835884792
1457,192.88081326112828
1458,76.0783205490552
1459,14.732620228679592
1460,26.650152619100872
1461,154.87864857113095
1462,111.78335568212125
1463,123.63617744677354
1464,68.7120133526378
1465,63.23749252850627
1466,234.07904250808338
1467,234.07904250808338
1468,44.55623297984035
1469,355.6140883763996
1470,25.53128642272229
1471,36.0462307973199
1472,21.586421732788754
1473,252.41416323185754
1474,42.53970501853501
1475,106.78952338294094
1476,30.131932690398372
1477,10.766908377484851
1478,123.2215638493003
1479,42.993062515809456
1480,168.26649528140385
1481,95.6997593667954
1482,61.82821867246666
1483,13.632999817766056
1484,17.359959405099186
1485,303.30963865242575
1486,29.59646748151665
1487,17.435383884606544
1488,120.447332486697
1489,67.28914200688101
1490,22.360805120522265
1491,93.85318023857042
1492,96.16332769802663
1493,125.15586662912521
1494,235.02156140733865
1495,55.213708368816164
1496,70.08026721533156
1497,97.19358376836897
1498,69.37017956566312
1499,62.79753153074879
1500,60.25971052607879
1501,161.86026049769993
1502,41.89897363766605
1503,32.7761004956731
1504,24.701420704167447
1505,38.59690817635615
1506,55.480435168163694
1507,364.4704964691101
1508,25.268510107708934
1509,28.06901410399632
1510,221.1474543820302
1511,65.27900750535967
1512,90.8389768599872
1513,158.64727154589787
1514,60.25971052607879
1515,18.48083620285767
1516,9.852456928274608
1517,96.25107261418631
1518,39.6965542695282
1519,1.1533027285132993
1520,24.701420704167447
1521,43.278656385735765
1522,81.16003506230393
1523,2.9117870582632546
1524,23.246162464558164
1525,5.1860579916326
1526,107.55513514168857
1527,38.59690817635615
1528,85.91839649148432
1529,123.63617744677354
1530,33.339271558888086
1531,121.7858176960911
1532,184.3787116695591
1533,158.13682502016638
1534,29.49022454935921
1535,70.43846974101015
1536,217.68687639790005
1537,50.52757979392616
1538,248.11808001674964
1539,4.406830224595724
1540,9.007507800038123
1541,42.12264079704831
1542,55.213708368816164
1543,39.61393598561892
1544,83.50009633996461
1545,439.6040378604037
1546,24.701420704167447
1547,2.1942745431460473
1548,53.030291002632254
1549,86.15315079028427
1550,40.390962940005906
1551,120.447332486697
1552,160.6490452464888
1553,180.08250099140443
1554,152.6129354303549
1555,110.7876827348998
1556,7.234058318475981
1557,52.192311518572
1558,40.362981835779735
1559,82.26892807660286
1560,14.336205698695444
1561,184.51905776555634
1562,169.40712760171905
1563,99.2980745466079
1564,63.71267992237351
1565,99.67568784922776
1566,52.22200617137706
1567,144.58553011158747
1568,21.049607213544757
1569,6.944986318836454
1570,0.15250758598163677
1571,49.57516397396001
1572,144.71598748456753
1573,109.15506945280418
1574,24.063596848458005
1575,44.02941315245418
1576,149.1354323194547
1577,163.22244109030282
1578,97.19358376836897
1579,60.87532113381755
1580,40.742183095154004
1581,37.67542665711508
1582,1.1533027285132993
1583,28.391413863547722
1584,142.14929846329844
1585,54.073209350756116
1586,7.064711432348404
1587,72.63310836641391
1588,99.67568784922776
1589,146.25959463401583
1590,12.465325526566518
1591,74.90872858336216
1592,109.5601203072551
1593,101.8637338528218
1594,167.009350268409
1595,26.569145647550666
1596,177.96229816358849
1597,433.35037150712964
1598,20.048850288616027
1599,229.9352496118757
1600,148.890336584086
1601,151.2433053005429
1602,78.7073242521002
1603,35.88835950095078
1604,89.77383291090217
1605,118.71015708736654
1606,204.6829060621941
1607,149.1354323194547
1608,14.108890012090253
1609,78.36162906210511
1610,158.13682502016638
1611,164.76568724510548
1612,13.609388677847674
1613,6.038498423023251
1614,221.9587600862187
1615,268.82026787739295
1616,15.957964804762392
1617,195.9900069949133
1618,35.660577617456326
1619,48.88803718031886
1620,128.86469460448006
1621,43.54541397425151
1622,70.43846974101015
1623,204.3954644647932
1624,140.00234405868719
1625,115.89192496687647
1626,82.26892807660286
1627,149.66854353961577
1628,272.1755962553867
1629,435.583229410015
1630,140.00234405868719
1631,127.88687328950485
1632,65.35223485007353
1633,170.1367938227557
1634,197.9251166688605
1635,170.44672753214485
1636,141.94754470713474
1637,112.45398653000026
1638,123.63617744677354
1639,131.45239503909065
1640,52.22200617137706
1641,413.5558583135593
1642,41.812282769121595
1643,64.22750085848841
1644,0.6480298613896328
1645,221.9587600862187
1646,196.691748549899
1647,869.7885879340527
1648,132.06695915204656
1649,191.06898080219648
1650,183.59983903942987
1651,120.34416012585001
1652,74.37984690707603
1653,5.796967779147224
1654,65.74396334925632
1655,45.94626535174058
1656,34.50049093860113
1657,302.5977803554725
1658,28.85862399284343
1659,65.80831627477289
1660,86.76815940942535
1661,50.583161384964036
1662,214.0914012146246
1663,144.58553011158747
1664,44.62538088290737
1665,80.7945024752392
1666,100.21844524380397
1667,607.9294518592011
1668,64.22750085848841
1669,164.06598922395568
1670,375.5268857538769
1671,88.06341081619074
1672,87.67437685585364
1673,490.00166822013847
1674,25.488899100639927
1675,141.99434276922457
1676,35.607870954411574
1677,52.97400131724567
1678,366.3298092824761
1679,32.7761004956731
1680,43.768182243511276
1681,13.11752717335945
1682,804.1957504231225
1683,105.19243219731469
1684,366.3298092824761
1685,105.98690835303849
1686,37.67542665711508
1687,97.19358376836897
1688,15.284652459734433
1689,158.72254773975106
1690,150.26774972066326
1691,117.66580264050836
1692,42.53970501853501
1693,54.631600103160366
1694,35.74269382362596
1695,291.92610165476634
1696,126.43056653916645
1697,152.9413787948357
1698,132.2526401769979
1699,6.227787910590595
1700,62.65803718891378
1701,106.83843105983652
1702,470.18295745434074
1703,48.088020669101354
1704,566.7078385455454
1705,55.480435168163694
1706,100.9161692189009
1707,251.54509286298116
1708,345.86719240397053
1709,93.49426174830703
1710,100.58976362318343
1711,16.554550914479165
1712,269.57670453431297
1713,55.62817060618919
1714,313.7485797868497
1715,129.15647905597578
1716,63.336213148661614
1717,117.00789106764562
1718,113.51909226679471
1719,106.83843105983652
1720,261.1449253637551
1721,292.76029100211207
1722,62.497507625458404
1723,7.234058318475981
1724,130.18523467893618
1725,60.25971052607879
1726,711.8786952546221
1727,123.2215638493003
1728,63.783687567675756
1729,135.38550759863173
1730,156.58070088615614
1731,33.388781738109124
1732,707.750986491885
1733,62.22729860697646
1734,469.1555017735647
1735,91.39401569767615
1736,280.9185712019911
1737,38.42266962501115
1738,117.8289391985253
1739,110.0839258838309
1740,94.6445775464173
1741,121.32934851465316
1742,31.500137107116934
1743,6.314741491741706
1744,19.510241737250936
1745,4.025307498560175
1746,4.136970633083076
1747,327.82456336195287
1748,7.661801127069793
1749,0.38449793829674267
1750,251.7665090760495
1751,35.660577617456326
1752,171.25706382526275
1753,70.43846974101015
1754,83.5803098716069
1755,25.844193365609804
1756,79.79965788727908
1757,65.27900750535967
1758,47.844441077030474
1759,137.72977651730793
1760,261.85998730800713
1761,124.76557182601698
1762,28.85862399284343
1763,112.85106740960978
1764,94.6445775464173
1765,280.28562086509896
1766,140.00234405868719
1767,13.858173284389846
1768,148.4375992378292
1769,280.6819867708121
1770,53.97411907878389
1771,17.566955795145894
1772,330.4808118499109
1773,35.3662465433068
1774,27.624805214847555
1775,19.463793475216136
1776,45.13181915089288
1777,18.979771172355957
1778,72.91304175097238
1779,3.6490305443113673
1780,53.15559828267372
1781,54.872736476293234
1782,129.69646639762774
1783,281.0295864777419
1784,1.0933434138858187
1785,184.51905776555634
1786,135.9503504788876
1787,307.9142527047802
1788,126.79147032167887
1789,67.28914200688101
1790,34.696838941087194
1791,207.18190494220684
1792,207.18190494220684
1793,131.45239503909065
1794,71.09521959171767
1795,82.26892807660286
1796,15.957964804762392
1797,13.609388677847674
1798,112.85106740960978
1799,181.87076976465016
1800,64.78712964188725
1801,17.25464520612898
1802,18.48083620285767
1803,65.24907749067151
1804,2.5317399084681673
1805,159.56501661022844
1806,170.44672753214485
1807,20.048850288616027
1808,148.890336584086
1809,48.798507201262964
1810,213.11385269146822
1811,34.03776312701171
1812,61.234859269177754
1813,41.12455540719096
1814,72.91304175097238
1815,93.53790552777846
1816,35.82870970553802
1817,9.437848522601529
1818,59.30140441655634
1819,128.86469460448006
1820,42.993062515809456
1821,100.87197807850887
1822,53.030291002632254
1823,48.088020669101354
1824,80.98291104576107
1825,16.656479888954493
1826,10.766908377484851
1827,58.11105383435855
1828,34.03776312701171
1829,212.45766837625584
1830,262.3145584149652
1831,77.26989694347142
1832,97.71415108643953
1833,105.98690835303849
1834,87.28173163460264
1835,56.56091226338839
1836,85.10439146904457
1837,176.31577265997834
1838,78.7073242521002
1839,74.43104748845107
1840,166.2946911075835
1841,103.75312876800365
1842,151.55704283917677
1843,41.4803635410068
1844,1.8426715151857536
1845,51.36776170072946
1846,155.683624605074
1847,3.2778919099321953
1848,42.12264079704831
1849,52.192311518572
1850,115.89192496687647
1851,25.774651161248546
1852,98.71820599870478
1853,583.9004668879336
1854,41.61586040408201
1855,147.8388354077724
1856,184.08339489716832
1857,8.484338065791565
1858,208.87525229632055
1859,76.75648977729223
1860,19.95458647758718
1861,237.23552156738734
1862,115.89192496687647
1863,84.75427528281662
1864,8.165040238651681
1865,52.192311518572
1866,39.402180738594005
1867,156.76045305207407
1868,40.3301563775593
1869,35.50702944883235
1870,191.4522162121168
1871,61.82821867246666
1872,88.7646649624856
1873,32.12018859011404
1874,113.81199336559193
1875,33.634837272048316
1876,192.88081326112828
1877,60.686674831333846
1878,30.043822991163427
1879,45.218424126416565
1880,3.570472636240159
1881,18.979771172355957
1882,144.0283942749855
1883,310.42780360631906
1884,106.7459286339577
1885,118.20047938261395
1886,7.447143194539122
1887,127.76752366858848
1888,254.40803188496864
1889,91.39401569767615
1890,96.66004035561268
1891,98.27234526788563
1892,100.21844524380397
1893,108.73909438819186
1894,46.45913851827687
1895,35.660577617456326
1896,203.45148088429517
1897,149.39442893110487
1898,128.0615947635107
1899,67.28914200688101
1900,18.031485863124647
1901,73.177169437458
1902,55.62817060618919
1903,18.031485863124647
1904,0.38449793829674267
1905,144.71598748456753
1906,4.025307498560175
1907,144.58553011158747
1908,52.457469072737446
1909,50.3467584820851
1910,105.02906261159143
1911,16.038360916145766
1912,167.91995327251072
1913,12.314265332280923
1914,15.655055436668075
1915,102.76644238550108
1916,73.177169437458
1917,8.58328150355504
1918,112.85106740960978
1919,49.64043298234764
1920,35.3662465433068
1921,50.52757979392616
1922,155.683624605074
1923,114.15503456362369
1924,120.84941498155499
1925,126.21534205178688
1926,112.85106740960978
1927,339.5691148762875
1928,130.46784999975085
1929,21.71542065133781
1930,106.89368592400517
1931,134.8060185308231
1932,97.76821210389103
1933,76.56108887724402
1934,317.74475107757024
1935,200.2040443483027
1936,85.0079292287715
1937,56.523288530194705
1938,3.737100095119538
1939,194.4617088041015
1940,101.20534595950038
1941,77.42042068070977
1942,55.62817060618919
1943,82.26892807660286
1944,80.98291104576107
1945,34.92849220364048
1946,735.6436169329058
1947,80.73844648169657
1948,97.19358376836897
1949,286.3324855220058
1950,32.12018859011404
1951,156.3469451994984
1952,68.18501057117295
1953,90.54531737411894
1954,242.33957820990707
1955,43.278656385735765
1956,108.98513359248646
1957,24.983903246372826
1958,140.00234405868719
1959,521.5643203479792
1960,55.62817060618919
1961,125.10817677066659
1962,87.49881305184691
1963,137.72977651730793
1964,1.8426715151857536
1965,73.4956163346916
1966,213.20753399761657
1967,172.27215534494715
1968,56.343061377766816
1969,10.556321121175266
1970,253.87377331204127
1971,75.2098791223261
1972,140.00234405868719
1973,194.62501295246648
1974,153.2873883120137
1975,157.06886153028057
1976,110.0839258838309
1977,52.32547729505211
1978,45.567492866406035
1979,16.656479888954493
1980,8.536517025930156
1981,57.91173163585524
1982,5.372618563062834
1983,48.088020669101354
1984,194.94482730423096
1985,194.62501295246648
1986,9.926217211796171
1987,85.43936069629952
1988,93.15691583477458
1989,172.27215534494715
1990,252.30791155997358
1991,221.64912090773822
1992,196.30529742351462
1993,10.69906190633919
1994,112.71339780189568
1995,137.72977651730793
1996,119.47786177162052
1997,40.01573046370365
1998,34.11959076760219
1999,3.6490305443113673
2000,28.2368940791118
2001,170.3038869098867
2002,51.36776170072946
2003,119.97432224563225
2004,64.78712964188725
2005,167.91995327251072
2006,201.094652768706
2007,198.48298855656134
2008,242.57588364021734
2009,49.50476874365591
2010,0.7364790057952868
2011,161.86026049769993
2012,44.02941315245418
2013,25.774651161248546
2014,69.082089743541
2015,102.09348957825004
2016,132.06695915204656
2017,112.71339780189568
2018,58.11105383435855
2019,175.2127494380703
2020,131.22582619678502
2021,213.83826419485158
2022,96.16332769802663
2023,172.27215534494715
2024,6.227787910590595
2025,159.18728629070898
2026,21.469040799191124
2027,69.37017956566312
2028,50.55632127477984
2029,109.15506945280418
2030,45.35754103078521
2031,59.30140441655634
2032,827.7993158684067
2033,204.3954644647932
2034,87.17981146513893
2035,59.36081337256655
2036,14.616210567556813
2037,53.97411907878389
2038,78.36162906210511
2039,77.78079482632045
2040,20.595785542140995
2041,736.7342618301295
2042,54.631600103160366
2043,49.64043298234764
2044,286.3324855220058
2045,15.631078520409801
2046,144.34514276795358
2047,39.402180738594005
2048,356.46815588981286
2049,116.46312724791593
2050,254.40803188496864
2051,37.22178046968757
2052,360.5873443941676
2053,33.500933100964104
2054,19.48595429612332
2055,29.49022454935921
2056,236.71216253559447
2057,11.464736368257439
2058,194.4617088041015
2059,100.01294372636492
2060,123.92000372633618
2061,286.3324855220058
2062,317.74475107757024
2063,8.58328150355504
2064,188.03711923768375
2065,151.2433053005429
2066,124.3542022983747
2067,119.97432224563225
2068,1.4957113635583776
2069,28.534107267652526
2070,178.2319394774492
2071,35.11709779220416
2072,52.288309888207706
2073,414.2181099381494
2074,116.42015124630547
2075,217.68687639790005
2076,17.435383884606544
2077,75.44905829094594
2078,52.288309888207706
2079,16.443267756045774
2080,21.469040799191124
2081,69.73527274359574
2082,309.87932054739974
2083,140.00234405868719
2084,120.34416012585001
2085,178.9055214475173
2086,440.0180661360009
2087,21.71542065133781
2088,308.85400343054266
2089,45.35754103078521
2090,150.1420381136628
2091,735.6436169329058
2092,135.6293439173753
2093,61.38640539403472
2094,161.86026049769993
2095,84.67985152844061
2096,35.11709779220416
2097,86.28222984161629
2098,234.07904250808338
2099,7.752658236277207
2100,142.3303953711716
2101,70.08026721533156
2102,102.56955296475046
2103,184.51905776555634
2104,130.98692259643389
2105,79.79965788727908
2106,140.00234405868719
2107,451.4673037591092
2108,19.99954467344805
2109,15.479626141999521
2110,90.01450103236074
2111,351.63785259131845
2112,17.435383884606544
2113,225.178922347853
2114,119.97432224563225
2115,79.79965788727908
2116,75.12638052984298
2117,163.8299119810822
2118,53.88203094568278
2119,195.9900069949133
2120,30.838806505055828
2121,22.655187841857703
2122,17.988994812309915
2123,83.50009633996461
2124,305.39538007114754
2125,302.94608758880776
2126,49.57516397396001
2127,122.32595121101929
2128,62.22729860697646
2129,69.69969610730462
2130,324.33995411297843
2131,263.87859326103984
2132,360.5873443941676
2133,82.26892807660286
2134,39.18265560578186
2135,120.84941498155499
2136,202.92735500820294
2137,71.32308525533405
2138,92.02592733113964
2139,53.15559828267372
2140,34.03776312701171
2141,88.87120011204989
2142,71.52593895433786
2143,84.75427528281662
2144,69.69969610730462
2145,258.7249297865638
2146,11.569672859271604
2147,27.221991937887953
2148,31.44665802777028
2149,79.54944015316778
2150,26.805274844260005
2151,192.88081326112828
2152,422.4867515854924
2153,292.76029100211207
2154,101.20534595950038
2155,10.766908377484851
2156,26.650152619100872
2157,124.3542022983747
2158,57.66360337656422
2159,71.19765374317323
2160,77.10972762331134
2161,125.87939439150041
2162,292.4558916056563
2163,7.752658236277207
2164,1.8221344760694658
2165,21.1512420939289
2166,48.598542977624305
2167,9.007507800038123
2168,105.144540975171
2169,154.4461353145294
2170,91.10779139788865
2171,189.8490160199945
2172,47.97059148455817
2173,34.11959076760219
2174,37.438948024915724
2175,14.084928369709635
2176,122.22050225191688
2177,28.989385697987338
2178,180.6613721338089
2179,1.0260546933423484
2180,385.5030905279239
2181,74.67739487977154
2182,4.025307498560175
2183,32.80485413740757
2184,51.36776170072946
2185,7.234058318475981
2186,10.69906190633919
2187,80.9404720616322
2188,549.4909290051786
2189,38.74679861889705
2190,45.567492866406035
2191,180.6613721338089
2192,25.844193365609804
2193,5.583993452882556
2194,32.725277142513036
2195,115.29231169319831
2196,157.65358293904197
2197,7.234058318475981
2198,98.71820599870478
2199,192.88081326112828
2200,72.01978830564369
2201,11.886618531110841
2202,81.09538172130962
2203,103.62740628857755
2204,106.7459286339577
2205,64.29940608728033
2206,15.313825249893872
2207,12.465325526566518
2208,185.2726005930437
2209,377.13289781731726
2210,219.06048114465122
2211,88.66151334676853
2212,44.888481097530274
2213,71.32308525533405
2214,23.816475378823423
2215,117.66580264050836
2216,101.20534595950038
2217,895.972662807126
2218,6.68727663204769
2219,1.0933434138858187
2220,64.78712964188725
2221,115.89192496687647
2222,86.03211609905888
2223,489.52751072619066
2224,30.838806505055828
2225,82.26892807660286
2226,45.97560880706387
2227,79.7215299194777
2228,8.095906356381109
2229,74.43104748845107
2230,142.39774659060282
2231,50.3467584820851
2232,91.39401569767615
2233,8.2273998670712
2234,69.73527274359574
2235,17.942517228388894
2236,151.8887961603775
2237,71.52593895433786
2238,197.68586978594055
2239,200.2040443483027
2240,104.25939294208747
2241,21.26337351208205
2242,153.88121581953612
2243,58.915712055324185
2244,225.73010571315695
2245,256.1469803334713
2246,95.6997593667954
2247,36.737044366090416
2248,21.049607213544757
2249,79.87313613608146
2250,13.387116099861595
2251,98.71820599870478
2252,151.8887961603775
2253,62.00870174718525
2254,73.2136894443327
2255,50.46352293837857
2256,4.025307498560175
2257,137.44950813697568
2258,44.30263018762427
2259,93.94652502432378
2260,10.842469397439194
2261,132.96608955680287
2262,99.67568784922776
2263,149.95913962732084
2264,36.737044366090416
2265,97.19358376836897
2266,46.8343882238811
2267,6.397108544093102
2268,213.11385269146822
2269,804.1957504231225
2270,83.50009633996461
2271,64.78712964188725
2272,77.10972762331134
2273,124.76557182601698
2274,292.04976473675987
2275,135.51073261178604
2276,112.56267156731661
2277,115.23631916223023
2278,153.6524119396053
2279,264.35563362646445
2280,35.50702944883235
2281,37.22178046968757
2282,20.595785542140995
2283,64.78712964188725
2284,69.69969610730462
2285,46.35541433343027
2286,11.131303269209688
2287,86.28222984161629
2288,96.70696282277073
2289,23.076766827745733
2290,8.095906356381109
2291,33.442483632233916
2292,96.16332769802663
2293,86.03211609905888
2294,2.1942745431460473
2295,42.993062515809456
2296,77.10972762331134
2297,11.686068190926834
2298,196.48820261246365
2299,75.67256059286929
2300,75.44905829094594
2301,385.5030905279239
2302,322.08783580311984
2303,262.8595636682748
2304,108.41967550696278
2305,56.343061377766816
2306,126.43056653916645
2307,73.88705949387638
2308,95.55203491572752
2309,234.07904250808338
2310,54.29585375099331
2311,102.56955296475046
2312,119.47786177162052
2313,152.6129354303549
2314,14.82136942809788
2315,18.979771172355957
2316,97.19358376836897
2317,149.66854353961577
2318,15.479626141999521
2319,350.81544586007607
2320,115.89192496687647
2321,32.12018859011404
2322,77.26989694347142
2323,25.581441370986674
2324,75.88187841657852
2325,49.701116039143294
2326,47.844441077030474
2327,0.6480298613896328
2328,45.35754103078521
2329,17.891464470038425
2330,668.2374131387916
2331,159.7595150460223
2332,148.4375992378292
2333,44.30263018762427
2334,319.3489096284041
2335,39.95571336977179
2336,223.7295961331546
2337,189.37719656971504
2338,79.45437130503127
2339,17.359959405099186
2340,12.465325526566518
2341,4.025307498560175
2342,9.437848522601529
2343,43.768182243511276
2344,69.37017956566312
2345,136.0471299320329
2346,2.1942745431460473
2347,27.624805214847555
2348,36.737044366090416
2349,154.87864857113095
2350,127.1336768358898
2351,204.98506595110524
2352,910.1959707705727
2353,63.71267992237351
2354,49.57516397396001
2355,332.0126196514955
2356,253.73740290991338
2357,22.131328590701834
2358,72.63310836641391
2359,13.335200356088974
2360,78.7073242521002
2361,206.46292882189744
2362,216.3601882031794
2363,53.88203094568278
2364,5.1367112986853245
2365,36.21790889582666
2366,108.41967550696278
2367,144.4620994818035
2368,60.60602153941641
2369,38.42266962501115
2370,304.5024652462181
2371,74.16817579432403
2372,129.15647905597578
2373,221.64912090773822
2374,61.234859269177754
2375,154.0380612693625
2376,65.88194962202344
2377,73.76051819292172
2378,29.59646748151665
2379,222.87014253504972
2380,91.69939767489703
2381,292.17901929557456
2382,78.23098593573476
2383,128.23134843996314
2384,34.696838941087194
2385,22.288528274782728
2386,87.8621372133571
2387,42.68656424685366
2388,13.387116099861595
2389,53.15559828267372
2390,66.06644080075374
2391,269.9309353359964
2392,5.987635753592618
2393,46.654220074710494
2394,88.06341081619074
2395,110.0839258838309
2396,180.08250099140443
2397,176.31577265997834
2398,88.46473580211534
2399,52.32547729505211
2400,30.724280434175018
2401,31.44665802777028
2402,131.22582619678502
2403,65.35223485007353
2404,56.92597414360279
2405,2.954600286111705
2406,189.8490160199945
2407,66.99772469975129
2408,83.42913005216589
2409,69.73527274359574
2410,117.66580264050836
